{"cameraMode":{"drawMode":0,"name":"Shaded","section":"Shading Mode"},"sceneLighting":true,"audioPlay":false,"sceneViewState":{"m_AlwaysRefresh":false,"showFog":true,"showSkybox":true,"showFlares":true,"showImageEffects":true,"showParticleSystems":true,"showVisualEffectGraphs":true,"m_FxEnabled":true},"in2DMode":false,"pivot":{"x":3.579071044921875,"y":6.1325578689575199,"z":5.018221855163574},"rotation":{"x":0.19250014424324037,"y":-0.40389320254325869,"z":0.0873543918132782,"w":0.8900477290153503},"size":2.6653289794921877,"orthographic":false}