{"cameraMode":{"drawMode":0,"name":"Shaded","section":"Shading Mode"},"sceneLighting":true,"audioPlay":false,"sceneViewState":{"m_AlwaysRefresh":false,"showFog":true,"showSkybox":true,"showFlares":true,"showImageEffects":true,"showParticleSystems":true,"showVisualEffectGraphs":true,"m_FxEnabled":true},"in2DMode":false,"pivot":{"x":326.5901184082031,"y":263.8976135253906,"z":0.07091522216796875},"rotation":{"x":0.011999601498246193,"y":-0.006898094434291124,"z":0.00008097298996290192,"w":0.9999103546142578},"size":308.1435241699219,"orthographic":true}